{"cameraMode":{"drawMode":0,"name":"Shaded","section":"Shading Mode"},"sceneLighting":false,"audioPlay":false,"sceneViewState":{"m_AlwaysRefresh":false,"showFog":true,"showSkybox":false,"showFlares":true,"showImageEffects":true,"showParticleSystems":true,"showVisualEffectGraphs":true,"m_FxEnabled":true},"in2DMode":false,"pivot":{"x":0.14856669306755067,"y":0.297057569026947,"z":0.13823318481445313},"rotation":{"x":0.2507929801940918,"y":0.0023211848456412555,"z":-0.0006014268728904426,"w":0.9680383801460266},"size":0.8660548329353333,"orthographic":true}