{"cameraMode":{"drawMode":0,"name":"Shaded","section":"Shading Mode"},"sceneLighting":true,"audioPlay":false,"sceneViewState":{"showFog":true,"showMaterialUpdate":false,"showSkybox":true,"showFlares":true,"showImageEffects":true,"showParticleSystems":true},"in2DMode":false,"pivot":{"x":19.574600219726564,"y":-20.53544044494629,"z":9.069571495056153},"rotation":{"x":0.3067723512649536,"y":0.5784175395965576,"z":-0.24858269095420838,"w":0.7138168811798096},"size":17.969987869262697,"orthographic":false}